Recency,Frequency,Monetary,AveOrderValue,churn,ltv
17,5,4306.8,7.238319327731093,0,4306.8
56,3,2766.4,18.2,0,2766.4
130,2,198.09,4.5020454545454545,1,198.09
323,1,157.8,78.9,1,157.8
57,2,494.25,4.493181818181818,0,494.25
191,1,103.95,5.775,1,103.95
8,12,1605.8400000000001,14.598545454545455,0,1605.8400000000001
25,6,426.9,47.43333333333333,0,426.9
11,3,1007.28,12.913846153846153,0,1007.28
22,1,234.65,12.35,0,234.65
37,2,261.9,26.189999999999998,0,261.9
19,3,1286.11,16.9225,0,1286.11
108,3,2270.0,567.5,1,2270.0
17,2,342.69,3.8942045454545453,0,342.69
46,1,239.12,14.065882352941177,0,239.12
190,4,768.25,11.466417910447761,1,768.25
112,1,385.7,17.53181818181818,1,385.7
24,18,7378.8,12.422222222222222,0,7378.8
170,1,110.95,4.438,1,110.95
17,3,1060.77,9.305,0,1060.77
8,2,748.46,21.38457142857143,0,748.46
108,2,271.75,18.116666666666667,1,271.75
361,1,162.25,20.28125,1,162.25
100,8,4057.9,40.98888888888889,1,4057.9
44,3,377.71,17.986190476190476,0,377.71
361,1,238.05,14.878125,1,238.05
19,7,3105.1,11.05017793594306,0,3105.1
143,3,917.4300000000001,48.28578947368421,1,917.4300000000001
165,11,372.86,11.298787878787879,1,372.86
15,5,1589.17,12.513149606299214,0,1589.17
16,6,1954.92,38.33176470588236,0,1954.92
86,1,168.65,12.046428571428573,0,168.65
261,1,2300.4,287.55,1,2300.4
110,1,382.81,21.267222222222223,1,382.81
166,1,454.66,14.208125,1,454.66
3,14,2347.33,17.133795620437954,0,2347.33
28,2,491.82,5.123125,0,491.82
9,3,593.89,4.334963503649635,0,593.89
71,2,572.73,17.8978125,0,572.73
3,19,8385.22,42.781734693877546,0,8385.22
47,12,3176.13,17.743743016759776,0,3176.13
33,4,907.17,6.299791666666667,0,907.17
82,2,931.12,27.385882352941177,0,931.12
3,11,4953.61,40.6033606557377,0,4953.61
3,8,2414.18,11.176759259259258,0,2414.18
17,3,591.0699999999999,32.837222222222216,0,591.0699999999999
85,2,305.11,2.773727272727273,0,305.11
9,4,610.6899999999999,4.523629629629629,0,610.6899999999999
277,2,135.16,33.79,1,135.16
7,2,471.85,17.475925925925928,0,471.85
16,5,767.47,21.927714285714288,0,767.47
42,4,593.5,65.94444444444444,0,593.5
108,1,139.8,139.8,1,139.8
16,7,1638.28,8.232562814070352,0,1638.28
66,4,1103.35,18.389166666666664,0,1103.35
194,2,496.5,19.86,1,496.5
11,2,343.8,19.1,0,343.8
8,1,50.550000000000004,16.85,0,50.550000000000004
129,2,876.9399999999999,54.808749999999996,1,876.9399999999999
117,1,305.28000000000003,305.28000000000003,1,305.28000000000003
45,2,543.89,15.108055555555556,0,543.89
66,7,1369.8600000000001,15.39168539325843,0,1369.8600000000001
127,4,1237.2,29.45714285714286,1,1237.2
85,4,677.97,4.1850000000000005,0,677.97
25,5,1739.92,173.99200000000002,0,1739.92
112,1,223.85999999999999,6.584117647058823,1,223.85999999999999
39,1,212.8,9.672727272727274,0,212.8
112,3,285.41,15.021578947368422,1,285.41
232,2,465.53000000000003,11.638250000000001,1,465.53000000000003
68,1,161.4,26.900000000000002,0,161.4
74,1,536.28,31.545882352941174,0,536.28
11,1,370.82,3.281592920353982,0,370.82
275,2,366.0,19.263157894736842,1,366.0
365,1,71.78999999999999,14.357999999999999,1,71.78999999999999
232,3,835.34,4.114975369458128,1,835.34
30,14,4428.24,33.29503759398496,0,4428.24
200,2,716.69,22.3965625,1,716.69
30,7,1580.3,22.902898550724636,0,1580.3
121,2,401.08,4.0108,1,401.08
1,17,3553.81,4.881607142857143,0,3553.81
14,5,1433.96,79.66444444444444,0,1433.96
15,6,1177.72,10.515357142857143,0,1177.72
14,2,519.05,20.761999999999997,0,519.05
2,19,4369.56,53.28731707317073,0,4369.56
53,1,199.08,18.098181818181818,0,199.08
67,4,1553.65,23.540151515151518,0,1553.65
217,2,613.6800000000001,153.42000000000002,1,613.6800000000001
4,10,1528.0,6.761061946902655,0,1528.0
17,3,847.76,29.233103448275862,0,847.76
80,1,235.77,5.239333333333334,0,235.77
8,9,3488.16,15.298947368421052,0,3488.16
38,2,620.85,15.91923076923077,0,620.85
10,2,529.25,35.28333333333333,0,529.25
281,2,348.75,16.607142857142858,1,348.75
21,2,503.01,20.1204,0,503.01
19,3,953.9,7.949166666666667,0,953.9
5,13,1840.99,8.074517543859649,0,1840.99
31,9,2304.51,17.32714285714286,0,2304.51
32,8,2234.86,19.26603448275862,0,2234.86
123,10,1641.3,4.623380281690141,1,1641.3
23,4,1367.6,65.12380952380951,0,1367.6
15,18,8504.1,18.40714285714286,0,8504.1
73,3,1111.55,15.879285714285714,0,1111.55
23,9,7557.3099999999995,12.744198988195615,0,7557.3099999999995
30,3,514.22,3.726231884057971,0,514.22
12,1,333.81,15.173181818181819,0,333.81
200,1,115.31,12.812222222222223,1,115.31
52,2,627.82,15.31268292682927,0,627.82
138,18,2141.7400000000002,11.097098445595856,1,2141.7400000000002
15,2,544.6,45.38333333333333,0,544.6
155,3,382.31,8.31108695652174,1,382.31
248,2,305.42,7.102790697674419,1,305.42
312,1,282.76,56.552,1,282.76
25,3,1236.48,5.944615384615385,0,1236.48
22,2,895.76,27.144242424242425,0,895.76
88,5,1039.8500000000001,17.62457627118644,0,1039.8500000000001
33,3,604.71,10.249322033898306,0,604.71
84,2,369.98,11.211515151515153,0,369.98
19,5,4893.81,18.467207547169814,0,4893.81
44,1,249.24,19.172307692307694,0,249.24
24,6,913.11,18.634897959183675,0,913.11
10,12,15139.35,65.25581896551725,0,15139.35
23,1,336.8,5.908771929824562,0,336.8
3,16,3047.85,8.21522911051213,0,3047.85
4,5,1110.2,20.55925925925926,0,1110.2
56,6,3309.2599999999998,24.155182481751822,0,3309.2599999999998
3,6,2408.96,19.585040650406505,0,2408.96
28,3,1164.6,6.973652694610778,0,1164.6
43,4,1496.67,5.502463235294118,0,1496.67
8,2,588.75,15.912162162162161,0,588.75
51,2,880.96,16.017454545454545,0,880.96
40,1,218.35,15.596428571428572,0,218.35
31,2,24.35,2.435,0,24.35
12,5,736.27,3.7564795918367344,0,736.27
3,10,2167.45,8.810772357723577,0,2167.45
9,13,1265.63,10.04468253968254,0,1265.63
91,5,1379.59,17.463164556962024,1,1379.59
11,6,6450.88,45.7509219858156,0,6450.88
